{
  "name": "random_forest_model",
  "type": "random_forest",
  "version": "2.0",
  "trained_at": "2025-04-28T02:26:45.574487",
  "accuracy": 0.9966666666666667,
  "precision": 0.9950248756218906,
  "recall": 1.0,
  "f1_score": 0.9975062344139651,
  "auc": 0.9957062500000001,
  "parameters": {
    "n_estimators": 100,
    "max_depth": 20,
    "min_samples_split": 10,
    "min_samples_leaf": 4
  },
  "feature_list": [
    "url_length",
    "num_dots",
    "num_special_chars",
    "has_ip",
    "has_at_symbol",
    "num_subdomains",
    "has_https",
    "has_hyphen",
    "is_shortened"
  ],
  "label_encoding": {
    "0": "legitimate",
    "1": "phishing"
  },
  "feature_importances": {
    "importance": {
      "url_length": 0.10099933136512966,
      "num_dots": 0.009592308288487603,
      "num_special_chars": 0.3325778592760348,
      "has_ip": 0.0,
      "has_at_symbol": 3.647375830817527e-05,
      "num_subdomains": 0.014969221575289737,
      "has_https": 0.5021013105006745,
      "has_hyphen": 0.03799666374006864,
      "is_shortened": 0.0017268314960069684
    }
  },
  "dataset_size": 3000,
  "training_samples": 2400,
  "test_samples": 600
}