{
  "name": "random_forest_model",
  "type": "random_forest",
  "version": "2.0",
  "trained_at": "2025-04-27T15:20:38.817931",
  "accuracy": 0.991,
  "precision": 0.9895314057826521,
  "recall": 0.9925,
  "f1_score": 0.9910134797803295,
  "auc": 0.9963385,
  "parameters": {
    "n_estimators": 100,
    "max_depth": 20,
    "min_samples_split": 10,
    "min_samples_leaf": 4
  },
  "feature_list": [
    "url_length",
    "num_dots",
    "num_special_chars",
    "has_ip",
    "has_at_symbol",
    "num_subdomains",
    "has_https",
    "has_hyphen",
    "is_shortened"
  ],
  "label_encoding": {
    "0": "legitimate",
    "1": "phishing"
  },
  "feature_importances": {
    "importance": {
      "url_length": 0.09138590751105691,
      "num_dots": 0.01283943191153256,
      "num_special_chars": 0.2501309298694563,
      "has_ip": 2.1080461063726508e-07,
      "has_at_symbol": 0.0001230602141632321,
      "num_subdomains": 0.014283127344856934,
      "has_https": 0.5824684774427176,
      "has_hyphen": 0.048533123921558195,
      "is_shortened": 0.0002357309800477328
    }
  },
  "dataset_size": 20000,
  "training_samples": 16000,
  "test_samples": 4000
}