{
  "name": "random_forest_v1",
  "type": "random_forest",
  "version": "1.0",
  "trained_at": "2025-04-27T08:59:07.593400",
  "accuracy": 0.991,
  "precision": 0.9924774322968907,
  "recall": 0.9895,
  "f1_score": 0.9909864797195793,
  "auc": NaN,
  "parameters": {
    "n_estimators": 100,
    "max_depth": 20,
    "min_samples_split": 10,
    "min_samples_leaf": 4
  },
  "feature_importances": {
    "importance": {
      "has_https": 0.5824684774427176,
      "num_special_chars": 0.2501309298694563,
      "url_length": 0.09138590751105691,
      "has_hyphen": 0.048533123921558195,
      "num_subdomains": 0.014283127344856934,
      "num_dots": 0.01283943191153256,
      "is_shortened": 0.0002357309800477328,
      "has_at_symbol": 0.0001230602141632321,
      "has_ip": 2.1080461063726508e-07
    }
  },
  "dataset_size": 20000,
  "training_samples": 16000,
  "test_samples": 4000
}