{
  "name": "gradient_boost_v1",
  "type": "gradient_boost",
  "version": "1.0",
  "trained_at": "2025-04-28T17:01:59.608697",
  "accuracy": 0.98625,
  "precision": 0.9850374064837906,
  "recall": 0.9875,
  "f1_score": 0.9862671660424469,
  "auc": 0.998975,
  "parameters": {
    "n_estimators": 100,
    "learning_rate": 0.1,
    "max_depth": 5,
    "min_samples_split": 200,
    "min_samples_leaf": 50,
    "subsample": 0.8
  },
  "feature_importances": {
    "importance": {
      "HTTPS": 0.8058986867733914,
      "WebsiteTraffic": 0.09445520211600024,
      "PageRank": 0.045632536774530094,
      "PrefixSuffix-": 0.04186690595485445,
      "DomainRegLen": 0.0033793102700406946,
      "SubDomains": 0.0022303555785588044,
      "LinksPointingToPage": 0.0021335042893364077,
      "IframeRedirection": 0.0013794715734712964,
      "RequestURL": 0.0007837729612493171,
      "GoogleIndex": 0.000536450482754956,
      "LongURL": 0.0003169723010165186,
      "DNSRecording": 0.0003156698481481552,
      "ShortURL": 0.0002506216691094965,
      "AgeofDomain": 0.00021216116323411182,
      "Favicon": 0.00016712520342821162,
      "StatsReport": 0.00016452885677324254,
      "LinksInScriptTags": 0.00011310026728635303,
      "WebsiteForwarding": 8.669706910689726e-05,
      "AbnormalURL": 7.69268477093028e-05,
      "UsingIP": 0.0,
      "Symbol@": 0.0,
      "Redirecting//": 0.0,
      "InfoEmail": 0.0,
      "HTTPSDomainURL": 0.0,
      "NonStdPort": 0.0,
      "AnchorURL": 0.0,
      "ServerFormHandler": 0.0,
      "StatusBarCust": 0.0,
      "DisableRightClick": 0.0,
      "UsingPopupWindow": 0.0
    }
  },
  "dataset_size": 4000,
  "training_samples": 3200,
  "test_samples": 800,
  "features_implemented": [
    "UsingIP",
    "LongURL",
    "ShortURL",
    "Symbol@",
    "Redirecting//",
    "PrefixSuffix-",
    "SubDomains",
    "HTTPS",
    "DomainRegLen",
    "AgeofDomain",
    "NonStdPort",
    "HTTPSDomainURL",
    "AbnormalURL",
    "InfoEmail",
    "DNSRecording",
    "WebsiteTraffic",
    "PageRank",
    "GoogleIndex",
    "LinksPointingToPage",
    "StatsReport",
    "Favicon",
    "RequestURL",
    "AnchorURL",
    "LinksInScriptTags",
    "ServerFormHandler",
    "WebsiteForwarding",
    "StatusBarCust",
    "DisableRightClick",
    "UsingPopupWindow",
    "IframeRedirection"
  ]
}