{
  "name": "gradient_boost_v1",
  "type": "gradient_boost",
  "version": "1.0",
  "trained_at": "2025-04-27T05:08:17.996778",
  "accuracy": 0.95725,
  "precision": 0.9597787833081951,
  "recall": 0.9545,
  "f1_score": 0.957132113311607,
  "auc": 0.99101325,
  "parameters": {
    "n_estimators": 100,
    "learning_rate": 0.1,
    "max_depth": 5,
    "min_samples_split": 200,
    "min_samples_leaf": 50,
    "subsample": 0.8
  },
  "feature_importances": {
    "importance": {
      "HTTPS": 0.5449712413790033,
      "PageRank": 0.21854856383655072,
      "RequestURL": 0.07286013286708479,
      "SubDomains": 0.06388280500971545,
      "LongURL": 0.0370645435691789,
      "AgeofDomain": 0.013113052313992438,
      "IframeRedirection": 0.01024720719690038,
      "WebsiteTraffic": 0.008363928667354085,
      "AbnormalURL": 0.006560570613506573,
      "DomainRegLen": 0.0061430529090037754,
      "WebsiteForwarding": 0.00532163345004501,
      "InfoEmail": 0.003755034555788698,
      "StatsReport": 0.0024866463249678538,
      "GoogleIndex": 0.0017734894736361692,
      "DNSRecording": 0.001574326470236027,
      "PrefixSuffix-": 0.001346757895961956,
      "UsingPopupWindow": 0.000694213800369617,
      "ServerFormHandler": 0.0006061716900411542,
      "ShortURL": 0.0001952292615500175,
      "LinksPointingToPage": 0.0001882346506074715,
      "AnchorURL": 0.00014132057198755032,
      "LinksInScriptTags": 8.608283149527637e-05,
      "Favicon": 5.844900605637179e-05,
      "Symbol@": 1.731165496645136e-05,
      "UsingIP": 0.0,
      "Redirecting//": 0.0,
      "NonStdPort": 0.0,
      "HTTPSDomainURL": 0.0,
      "DisableRightClick": 0.0,
      "StatusBarCust": 0.0
    }
  },
  "dataset_size": 20000,
  "training_samples": 16000,
  "test_samples": 4000,
  "features_implemented": [
    "UsingIP",
    "LongURL",
    "ShortURL",
    "Symbol@",
    "Redirecting//",
    "PrefixSuffix-",
    "SubDomains",
    "HTTPS",
    "DomainRegLen",
    "AgeofDomain",
    "NonStdPort",
    "HTTPSDomainURL",
    "AbnormalURL",
    "InfoEmail",
    "DNSRecording",
    "WebsiteTraffic",
    "PageRank",
    "GoogleIndex",
    "LinksPointingToPage",
    "StatsReport",
    "Favicon",
    "RequestURL",
    "AnchorURL",
    "LinksInScriptTags",
    "ServerFormHandler",
    "WebsiteForwarding",
    "StatusBarCust",
    "DisableRightClick",
    "UsingPopupWindow",
    "IframeRedirection"
  ]
}