{
  "name": "gradient_boost_v1",
  "type": "gradient_boost",
  "version": "1.0",
  "trained_at": "2025-04-28T20:51:52.644665",
  "accuracy": 0.98375,
  "precision": 0.9825436408977556,
  "recall": 0.985,
  "f1_score": 0.9837702871410736,
  "auc": 0.9991125000000001,
  "parameters": {
    "n_estimators": 100,
    "learning_rate": 0.1,
    "max_depth": 5,
    "min_samples_split": 200,
    "min_samples_leaf": 50,
    "subsample": 0.8
  },
  "feature_importances": {
    "importance": {
      "uses_http": 0.8026919243618228,
      "WebsiteTraffic": 0.12004420035313636,
      "PageRank": 0.04455674490508769,
      "PrefixSuffix-": 0.020428740192026933,
      "GoogleIndex": 0.0028724921179389736,
      "SubDomains": 0.0021082153937131997,
      "DomainRegLen": 0.0013223619701927618,
      "IframeRedirection": 0.001241873290759762,
      "AbnormalURL": 0.0008019551407822616,
      "StatsReport": 0.0008004714088016519,
      "DNSRecording": 0.0007999908456846786,
      "RequestURL": 0.0007679893171648801,
      "AgeofDomain": 0.00043748244628932873,
      "LinksPointingToPage": 0.00039268237037531044,
      "LongURL": 0.00033999733340792673,
      "ShortURL": 0.00012060990171524336,
      "Favicon": 0.00011064467494880992,
      "LinksInScriptTags": 0.00011017277121844017,
      "WebsiteForwarding": 5.145120493323182e-05,
      "UsingIP": 0.0,
      "Symbol@": 0.0,
      "Redirecting//": 0.0,
      "InfoEmail": 0.0,
      "HTTPSDomainURL": 0.0,
      "NonStdPort": 0.0,
      "AnchorURL": 0.0,
      "ServerFormHandler": 0.0,
      "StatusBarCust": 0.0,
      "DisableRightClick": 0.0,
      "UsingPopupWindow": 0.0
    }
  },
  "dataset_size": 4000,
  "training_samples": 3200,
  "test_samples": 800,
  "features_implemented": [
    "UsingIP",
    "LongURL",
    "ShortURL",
    "Symbol@",
    "Redirecting//",
    "PrefixSuffix-",
    "SubDomains",
    "uses_http",
    "DomainRegLen",
    "AgeofDomain",
    "NonStdPort",
    "HTTPSDomainURL",
    "AbnormalURL",
    "InfoEmail",
    "DNSRecording",
    "WebsiteTraffic",
    "PageRank",
    "GoogleIndex",
    "LinksPointingToPage",
    "StatsReport",
    "Favicon",
    "RequestURL",
    "AnchorURL",
    "LinksInScriptTags",
    "ServerFormHandler",
    "WebsiteForwarding",
    "StatusBarCust",
    "DisableRightClick",
    "UsingPopupWindow",
    "IframeRedirection"
  ]
}