{
  "name": "chatbot_random_forest_model",
  "type": "random_forest",
  "version": "1.0",
  "trained_at": "2025-04-29T13:04:12.468919",
  "accuracy": 0.985,
  "precision": 0.9825870646766169,
  "recall": 0.9875,
  "f1_score": 0.9850374064837906,
  "auc": 0.997071875,
  "parameters": {
    "n_estimators": 200,
    "max_depth": 8,
    "min_samples_split": 20,
    "min_samples_leaf": 4,
    "max_features": "sqrt"
  },
  "feature_importances": {
    "uses_http": 0.19324764416337106,
    "PageRank": 0.1436856234416937,
    "DNSRecording": 0.10712158233907852,
    "PrefixSuffix-": 0.09686750841373942,
    "GoogleIndex": 0.09319825168218338,
    "WebsiteTraffic": 0.08464967766753585,
    "DomainLength": 0.06702728257477572,
    "SubDomains": 0.06435745954347007,
    "DomainRegLen": 0.03712516307888316,
    "StatsReport": 0.036159741904580114,
    "LinksPointingToPage": 0.029367981677227598,
    "AbnormalURL": 0.016690281605652193,
    "AgeofDomain": 0.01313875911379739,
    "RequestURL": 0.007921274757378978,
    "IframeRedirection": 0.002049958107612287,
    "PathDepth": 0.0018679229711217752,
    "Symbol@": 0.001379658030151628,
    "LinksInScriptTags": 0.0012621551077651209,
    "LongURL": 0.0010431835991245573,
    "WebsiteForwarding": 0.0006640822941473322,
    "SuspiciousTLD": 0.0004026173190535765,
    "InfoEmail": 0.000292334789532789,
    "ShortURL": 0.00015408501854622655,
    "Favicon": 9.055931187013089e-05,
    "UsingIP": 8.402096592003452e-05,
    "UsingPopupWindow": 5.7503651529784064e-05,
    "NumParams": 5.5173098795571626e-05,
    "ServerFormHandler": 3.3979638245282743e-05,
    "AnchorURL": 4.438090304014126e-06,
    "NonStdPort": 9.604291272040363e-08,
    "HTTPSDomainURL": 0.0,
    "Redirecting//": 0.0,
    "DisableRightClick": 0.0,
    "StatusBarCust": 0.0
  },
  "dataset_size": 4000,
  "training_samples": 3200,
  "test_samples": 800,
  "features_implemented": [
    "UsingIP",
    "LongURL",
    "ShortURL",
    "Symbol@",
    "Redirecting//",
    "PrefixSuffix-",
    "SubDomains",
    "uses_http",
    "DomainLength",
    "SuspiciousTLD",
    "DomainRegLen",
    "AgeofDomain",
    "NonStdPort",
    "PathDepth",
    "NumParams",
    "HTTPSDomainURL",
    "AbnormalURL",
    "InfoEmail",
    "DNSRecording",
    "WebsiteTraffic",
    "PageRank",
    "GoogleIndex",
    "LinksPointingToPage",
    "StatsReport",
    "Favicon",
    "RequestURL",
    "AnchorURL",
    "LinksInScriptTags",
    "ServerFormHandler",
    "WebsiteForwarding",
    "StatusBarCust",
    "DisableRightClick",
    "UsingPopupWindow",
    "IframeRedirection"
  ]
}